insert into user_tb(username, password, email, address, detail_address, tel, role, created_at) values('ssar', '1234', 'ssar@nate.com', '부산시 야호구 야동','11길','01023452344', 'employee', now());
insert into user_tb(username, password, email, address, detail_address, tel, role, created_at) values('love', '1234', 'love@nate.com', '부산시 야호구 상동','12길','01011111111', 'employee', now());
insert into user_tb(username, password, email, address, detail_address, tel, role, created_at) values('google', '1234', 'google@nate.com', '부산시 야구 김동','13길','01012331233', 'employee', now());
insert into user_tb(username, password, email, address, detail_address, tel, role, created_at) values('naver', '1234', 'naver@nate.com', '부산시 박박구 쿠동','14길','01034566666',  'employee', now());
insert into user_tb(username, password, email, address, detail_address, tel, role, created_at) values('noew', '1234', 'noew@nate.com', '부산시 상상구 모동','15길','01066666666',  'employee', now());
insert into user_tb(username, password, email, address, detail_address, tel, role, created_at) values('cos', '1234', 'cos@nate.com', '부산시 빡구 동동','71길','01012341234',  'company', now());
insert into user_tb(username, password, email, address, detail_address, tel, role, created_at) values('kit', '1234', 'kit@nate.com', '부산시 봉구 원동','72길','01032113211',  'company', now());

insert into employee_tb(user_id, real_name, career) values(1, '김살', 1);
insert into employee_tb(user_id, real_name, career) values(2, '박사랑', 0);
insert into employee_tb(user_id, real_name, career) values(3, '제갈구글', 3);
insert into employee_tb(user_id, real_name, career) values(4, '독고네이버', 5);
insert into employee_tb(user_id, real_name, career) values(5, '상냥이', 6);

insert into resume_tb(user_id, title, content) values(1,'이력제 제목1','이력서 내용1');
insert into resume_tb(user_id, title, content) values(2,'이력제 제목2','이력서 내용2');
insert into resume_tb(user_id, title, content) values(3,'이력제 제목3','이력서 내용3');
insert into resume_tb(user_id, title, content) values(4,'이력제 제목4','이력서 내용4');
insert into resume_tb(user_id, title, content) values(5,'이력제 제목5','이력서 내용5');

insert into company_tb(user_id, company_name, company_scale, company_numb, company_field) values(6, '(주)미친회사', '대기업', 333322221111, 'IT업');
insert into company_tb(user_id, company_name, company_scale, company_numb, company_field) values(7, '무식한형제들', '중견기업', 111122223333, 'IT업');

insert into board_tb(user_id, title, content, career, job_type, education, favor, created_at) values(6, '공고제목1','공고내용1', 1, 1, 1, '프로젝트 유경험자', now());
insert into board_tb(user_id, title, content, career, job_type, education, favor, created_at) values(6, '공고제목2','공고내용2', 3, 1, 2, '프로젝트 유경험자', now());
insert into board_tb(user_id, title, content, career, job_type, education, favor, created_at) values(6, '공고제목3','공고내용3', 6, 2, 4, '관련 자격증 보유자', now());
insert into board_tb(user_id, title, content, career, job_type, education, favor, created_at) values(6, '공고제목4','공고내용4', 1, 2, 2, '프로젝트 유경험자', now());
insert into board_tb(user_id, title, content, career, job_type, education, favor, created_at) values(7, '공고제목5','공고내용4', 3, 1, 1, '관련 자격증 보유자', now());
insert into board_tb(user_id, title, content, career, job_type, education, favor, created_at) values(7, '공고제목6','공고내용4', 6, 1, 2, '프로젝트 유경험자', now());
insert into board_tb(user_id, title, content, career, job_type, education, favor, created_at) values(7, '공고제목7','공고내용4', 6, 1, 2, '프로젝트 유경험자', now());
insert into board_tb(user_id, title, content, career, job_type, education, favor, created_at) values(7, '공고제목8','공고내용4', 1, 2, 4, '관련 자격증 보유자', now());
insert into board_tb(user_id, title, content, career, job_type, education, favor, created_at) values(7, '공고제목9','공고내용4', 1, 2, 4, '관련 자격증 보유자', now());
insert into board_tb(user_id, title, content, career, job_type, education, favor, created_at) values(7, '공고제목10','공고내용4', 1, 2, 4, '관련 자격증 보유자', now());
insert into board_tb(user_id, title, content, career, job_type, education, favor, created_at) values(7, '공고제목11','공고내용4', 1, 2, 4, '관련 자격증 보유자', now());
insert into board_tb(user_id, title, content, career, job_type, education, favor, created_at) values(7, '공고제목12','공고내용4', 1, 2, 4, '관련 자격증 보유자', now());
insert into board_tb(user_id, title, content, career, job_type, education, favor, created_at) values(7, '공고제목13','공고내용4', 1, 2, 4, '관련 자격증 보유자', now());
insert into board_tb(user_id, title, content, career, job_type, education, favor, created_at) values(7, '공고제목14','공고내용4', 1, 2, 4, '관련 자격증 보유자', now());
insert into board_tb(user_id, title, content, career, job_type, education, favor, created_at) values(7, '공고제목15','공고내용4', 1, 2, 4, '관련 자격증 보유자', now());
insert into board_tb(user_id, title, content, career, job_type, education, favor, created_at) values(7, '공고제목16','공고내용4', 1, 2, 4, '관련 자격증 보유자', now());
insert into board_tb(user_id, title, content, career, job_type, education, favor, created_at) values(7, '공고제목17','공고내용4', 1, 2, 4, '관련 자격증 보유자', now());

insert into apply_tb(user_id, board_id, resume_id, state, created_at) values(1, 1, 1, -1, now());
insert into apply_tb(user_id, board_id, resume_id, state, created_at) values(2, 1, 2, 1, now());
insert into apply_tb(user_id, board_id, resume_id, state, created_at) values(1, 2, 1, 0, now());
insert into apply_tb(user_id, board_id, resume_id, state, created_at) values(2, 2, 2, 0, now());

insert into skill_tb(skill_code, skill_name) values(1, 'JAVA');
insert into skill_tb(skill_code, skill_name) values(2, 'C');
insert into skill_tb(skill_code, skill_name) values(3, 'Python');
insert into skill_tb(skill_code, skill_name) values(4, 'PHP');
insert into skill_tb(skill_code, skill_name) values(5, 'JS');
insert into skill_tb(skill_code, skill_name) values(6, 'Ruby');
insert into skill_tb(skill_code, skill_name) values(7, 'Assembly');
insert into skill_tb(skill_code, skill_name) values(8, 'MYSQL');

insert into employeetech_tb(user_id, skill) values(1, 1);
insert into employeetech_tb(user_id, skill) values(1, 2);
insert into employeetech_tb(user_id, skill) values(1, 5);
insert into employeetech_tb(user_id, skill) values(2, 2);
insert into employeetech_tb(user_id, skill) values(2, 4);
insert into employeetech_tb(user_id, skill) values(2, 7);

insert into boardtech_tb(board_id, skill) values(1, 2);
insert into boardtech_tb(board_id, skill) values(1, 3);
insert into boardtech_tb(board_id, skill) values(1, 4);
insert into boardtech_tb(board_id, skill) values(2, 6);
insert into boardtech_tb(board_id, skill) values(2, 4);
insert into boardtech_tb(board_id, skill) values(2, 7);
insert into boardtech_tb(board_id, skill) values(4, 1);
insert into boardtech_tb(board_id, skill) values(5, 3);
insert into boardtech_tb(board_id, skill) values(6, 1);
insert into boardtech_tb(board_id, skill) values(7, 3);
insert into boardtech_tb(board_id, skill) values(8, 1);
insert into boardtech_tb(board_id, skill) values(9, 3);
insert into boardtech_tb(board_id, skill) values(10, 1);
insert into boardtech_tb(board_id, skill) values(11, 3);
insert into boardtech_tb(board_id, skill) values(12, 1);
insert into boardtech_tb(board_id, skill) values(13, 3);
insert into boardtech_tb(board_id, skill) values(14, 1);
insert into boardtech_tb(board_id, skill) values(15, 3);
insert into boardtech_tb(board_id, skill) values(16, 1);
insert into boardtech_tb(board_id, skill) values(17, 1);

commit; 

insert into user_tb(username, password, email, address, detail_address, tel, role, created_at) values('1', '1234', 'kit@nate.com', '부산시 봉구 원동','72길','01032113211',  'employee', now());
insert into employee_tb(user_id, real_name, career) values(8, '1', 1);
insert into user_tb(username, password, email, address, detail_address, tel, role, created_at) values('2', '1234', 'kit@nate.com', '부산시 봉구 원동','72길','01032113211',  'employee', now());
insert into employee_tb(user_id, real_name, career) values(9, '2', 1);
insert into user_tb(username, password, email, address, detail_address, tel, role, created_at) values('3', '1234', 'kit@nate.com', '부산시 봉구 원동','72길','01032113211',  'employee', now());
insert into employee_tb(user_id, real_name, career) values(10, '3', 1);
insert into user_tb(username, password, email, address, detail_address, tel, role, created_at) values('4', '1234', 'kit@nate.com', '부산시 봉구 원동','72길','01032113211',  'employee', now());
insert into employee_tb(user_id, real_name, career) values(11, '4', 1);
insert into user_tb(username, password, email, address, detail_address, tel, role, created_at) values('5', '1234', 'kit@nate.com', '부산시 봉구 원동','72길','01032113211',  'employee', now());
insert into employee_tb(user_id, real_name, career) values(12, '5', 1);
insert into user_tb(username, password, email, address, detail_address, tel, role, created_at) values('6', '1234', 'kit@nate.com', '부산시 봉구 원동','72길','01032113211',  'employee', now());
insert into employee_tb(user_id, real_name, career) values(13, '6', 1);
insert into user_tb(username, password, email, address, detail_address, tel, role, created_at) values('7', '1234', 'kit@nate.com', '부산시 봉구 원동','72길','01032113211',  'employee', now());
insert into employee_tb(user_id, real_name, career) values(14, '7', 1);
insert into user_tb(username, password, email, address, detail_address, tel, role, created_at) values('8', '1234', 'kit@nate.com', '부산시 봉구 원동','72길','01032113211',  'employee', now());
insert into employee_tb(user_id, real_name, career) values(15, '8', 1);
insert into user_tb(username, password, email, address, detail_address, tel, role, created_at) values('9', '1234', 'kit@nate.com', '부산시 봉구 원동','72길','01032113211',  'employee', now());
insert into employee_tb(user_id, real_name, career) values(16, '9', 1);
insert into user_tb(username, password, email, address, detail_address, tel, role, created_at) values('10', '1234', 'kit@nate.com', '부산시 봉구 원동','72길','01032113211',  'employee', now());
insert into employee_tb(user_id, real_name, career) values(17, '10', 1);
insert into user_tb(username, password, email, address, detail_address, tel, role, created_at) values('11', '1234', 'kit@nate.com', '부산시 봉구 원동','72길','01032113211',  'employee', now());
insert into employee_tb(user_id, real_name, career) values(18, '11', 1);
insert into user_tb(username, password, email, address, detail_address, tel, role, created_at) values('12', '1234', 'kit@nate.com', '부산시 봉구 원동','72길','01032113211',  'employee', now());
insert into employee_tb(user_id, real_name, career) values(19, '12', 1);
insert into user_tb(username, password, email, address, detail_address, tel, role, created_at) values('13', '1234', 'kit@nate.com', '부산시 봉구 원동','72길','01032113211',  'employee', now());
insert into employee_tb(user_id, real_name, career) values(20, '13', 1);
insert into user_tb(username, password, email, address, detail_address, tel, role, created_at) values('14', '1234', 'kit@nate.com', '부산시 봉구 원동','72길','01032113211',  'employee', now());
insert into employee_tb(user_id, real_name, career) values(21, '14', 1);
insert into user_tb(username, password, email, address, detail_address, tel, role, created_at) values('15', '1234', 'kit@nate.com', '부산시 봉구 원동','72길','01032113211',  'employee', now());
insert into employee_tb(user_id, real_name, career) values(22, '15', 1);
insert into user_tb(username, password, email, address, detail_address, tel, role, created_at) values('16', '1234', 'kit@nate.com', '부산시 봉구 원동','72길','01032113211',  'employee', now());
insert into employee_tb(user_id, real_name, career) values(23, '16', 1);
insert into user_tb(username, password, email, address, detail_address, tel, role, created_at) values('17', '1234', 'kit@nate.com', '부산시 봉구 원동','72길','01032113211',  'employee', now());


insert into resume_tb(user_id, title, content) values(6,'이력제 제목6','이력서 내용3');
insert into resume_tb(user_id, title, content) values(7,'이력제 제목7','이력서 내용4');
insert into resume_tb(user_id, title, content) values(8,'이력제 제목8','이력서 내용5');
insert into resume_tb(user_id, title, content) values(9,'이력제 제목9','이력서 내용3');
insert into resume_tb(user_id, title, content) values(10,'이력제 제목10','이력서 내용4');
insert into resume_tb(user_id, title, content) values(11,'이력제 제목11','이력서 내용5');
insert into resume_tb(user_id, title, content) values(12,'이력제 제목12','이력서 내용3');
insert into resume_tb(user_id, title, content) values(13,'이력제 제목13','이력서 내용4');
insert into resume_tb(user_id, title, content) values(14,'이력제 제목14','이력서 내용5');
insert into resume_tb(user_id, title, content) values(15,'이력제 제목15','이력서 내용3');
insert into resume_tb(user_id, title, content) values(16,'이력제 제목16','이력서 내용4');
insert into resume_tb(user_id, title, content) values(17,'이력제 제목17','이력서 내용5');
insert into resume_tb(user_id, title, content) values(18,'이력제 제목18','이력서 내용3');
insert into resume_tb(user_id, title, content) values(19,'이력제 제목19','이력서 내용4');
insert into resume_tb(user_id, title, content) values(20,'이력제 제목20','이력서 내용5');
insert into resume_tb(user_id, title, content) values(21,'이력제 제목21','이력서 내용3');
insert into resume_tb(user_id, title, content) values(22,'이력제 제목22','이력서 내용4');
insert into resume_tb(user_id, title, content) values(23,'이력제 제목23','이력서 내용5');